{
  "_generated": "Generated by SweetTooth, do not edit", 
  "description": "An easy way to arrange your applications in folders, directly from the applications grid. Create folders and add/remove apps using drag-and-drop, rename/delete them with a right-click.", 
  "gettext-domain": "appfolders-manager", 
  "name": "Appfolders Management extension", 
  "shell-version": [
    "3.26",
    "3.28",
    "3.30",
    "3.32"
  ],
  "url": "https://github.com/maoschanz/appfolders-manager-gnome-extension", 
  "uuid": "appfolders-manager@maestroschan.fr",
  "version": 0
}
