{
  "_generated": "Generated by SweetTooth, do not edit", 
  "description": "An easy way to manage \"appfolders\" (folders in the applications view) directly from the applications view.\nConcerning additional categories, see https://standards.freedesktop.org/menu-spec/latest/apas02.html for informations.", 
  "gettext-domain": "appfolders-manager", 
  "name": "Appfolders Management extension", 
  "shell-version": [
    "3.18",
    "3.20",
    "3.22",
    "3.24",
    "3.26"
  ],
  "url": "https://github.com/Maestroschan/appfolders-manager-gnome-extension", 
  "uuid": "appfolders-manager@maestroschan.fr",
  "version": 11
}
